"category","importance","manufacturer","part_name","model_name","part_code_hint","safe_quantity_hint","spec_summary"
"CPU","major","Intel","Core i9-14900K","BX8071514900K","CPU-INT-14900K","2","LGA1700, 24코어 32스레드, P-core 8개/E-core 16개, 내장그래픽 UHD 770"
"CPU","major","Intel","Core i7-14700K","BX8071514700K","CPU-INT-14700K","3","LGA1700, 20코어 28스레드, P-core 8개/E-core 12개, 내장그래픽 UHD 770"
"CPU","major","Intel","Core i7-14700F","BX8071514700F","CPU-INT-14700F","3","LGA1700, 20코어 28스레드, 내장그래픽 없음"
"CPU","major","Intel","Core i5-14600K","BX8071514600K","CPU-INT-14600K","4","LGA1700, 14코어 20스레드, P-core 6개/E-core 8개, 내장그래픽 UHD 770"
"CPU","major","Intel","Core i5-14500","BX8071514500","CPU-INT-14500","4","LGA1700, 14코어 20스레드, 내장그래픽 UHD 770"
"CPU","major","Intel","Core i5-14400F","BX8071514400F","CPU-INT-14400F","5","LGA1700, 10코어 16스레드, 내장그래픽 없음"
"CPU","major","Intel","Core i3-14100","BX8071514100","CPU-INT-14100","3","LGA1700, 4코어 8스레드, 내장그래픽 UHD 730"
"CPU","major","Intel","Core Ultra 7 265K","BX80768265K","CPU-INT-U7-265K","2","LGA1851, Arrow Lake, 20코어 20스레드, 내장그래픽"
"CPU","major","Intel","Core Ultra 5 245K","BX80768245K","CPU-INT-U5-245K","2","LGA1851, Arrow Lake, 14코어 14스레드, 내장그래픽"
"CPU","major","AMD","Ryzen 9 7950X","100-100000514WOF","CPU-AMD-7950X","2","AM5, 16코어 32스레드, Zen 4, 내장그래픽"
"CPU","major","AMD","Ryzen 9 7900X","100-100000589WOF","CPU-AMD-7900X","2","AM5, 12코어 24스레드, Zen 4, 내장그래픽"
"CPU","major","AMD","Ryzen 7 7800X3D","100-100000910WOF","CPU-AMD-7800X3D","3","AM5, 8코어 16스레드, 3D V-Cache, 게이밍 특화"
"CPU","major","AMD","Ryzen 7 7700","100-100000592BOX","CPU-AMD-7700","3","AM5, 8코어 16스레드, Zen 4, 기본 쿨러 포함"
"CPU","major","AMD","Ryzen 5 7600","100-100001015BOX","CPU-AMD-7600","4","AM5, 6코어 12스레드, Zen 4, 기본 쿨러 포함"
"CPU","major","AMD","Ryzen 5 7500F","100-100000597MPK","CPU-AMD-7500F","4","AM5, 6코어 12스레드, 내장그래픽 없음"
"CPU","major","AMD","Ryzen 7 5700X3D","100-100001503WOF","CPU-AMD-5700X3D","3","AM4, 8코어 16스레드, 3D V-Cache"
"CPU","major","AMD","Ryzen 5 5600","100-100000927BOX","CPU-AMD-5600","5","AM4, 6코어 12스레드, Zen 3"
"CPU","major","AMD","Ryzen 5 5600G","100-100000252BOX","CPU-AMD-5600G","3","AM4, 6코어 12스레드, Radeon 내장그래픽"
"CPU","major","AMD","Ryzen 7 9700X","100-100001404WOF","CPU-AMD-9700X","2","AM5, 8코어 16스레드, Zen 5"
"CPU","major","AMD","Ryzen 5 9600X","100-100001405WOF","CPU-AMD-9600X","3","AM5, 6코어 12스레드, Zen 5"
"메인보드","major","ASUS","PRIME B760M-K D4","PRIME B760M-K D4","MB-ASUS-B760M-K-D4","3","Intel LGA1700, B760, DDR4, M-ATX"
"메인보드","major","ASUS","TUF GAMING B760M-PLUS WIFI","TUF GAMING B760M-PLUS WIFI","MB-ASUS-B760M-TUF-WIFI","2","Intel LGA1700, B760, DDR5, Wi-Fi, M-ATX"
"메인보드","major","ASUS","ROG STRIX B650E-F GAMING WIFI","ROG STRIX B650E-F GAMING WIFI","MB-ASUS-B650E-F-WIFI","2","AMD AM5, B650E, DDR5, Wi-Fi, ATX"
"메인보드","major","MSI","PRO B760M-A WIFI DDR4","PRO B760M-A WIFI DDR4","MB-MSI-B760M-A-WIFI-D4","3","Intel LGA1700, B760, DDR4, Wi-Fi, M-ATX"
"메인보드","major","MSI","MAG B650M MORTAR WIFI","MAG B650M MORTAR WIFI","MB-MSI-B650M-MORTAR-WIFI","2","AMD AM5, B650, DDR5, Wi-Fi, M-ATX"
"메인보드","major","MSI","B650M PROJECT ZERO","B650M PROJECT ZERO","MB-MSI-B650M-PROJECT-ZERO","1","AMD AM5, B650, DDR5, 후면 커넥터, M-ATX"
"메인보드","major","GIGABYTE","B760M AORUS ELITE AX","B760M AORUS ELITE AX","MB-GB-B760M-AORUS-AX","2","Intel LGA1700, B760, DDR5, Wi-Fi, M-ATX"
"메인보드","major","GIGABYTE","B650 AORUS ELITE AX V2","B650 AORUS ELITE AX V2","MB-GB-B650-AORUS-AX-V2","2","AMD AM5, B650, DDR5, Wi-Fi, ATX"
"메인보드","major","ASRock","B760M Pro RS/D4","B760M Pro RS/D4","MB-ASR-B760M-PRO-RS-D4","3","Intel LGA1700, B760, DDR4, M-ATX"
"메인보드","major","ASRock","B650M Pro RS","B650M Pro RS","MB-ASR-B650M-PRO-RS","3","AMD AM5, B650, DDR5, M-ATX"
"메인보드","major","ASRock","A520M-HDV","A520M-HDV","MB-ASR-A520M-HDV","4","AMD AM4, A520, DDR4, M-ATX"
"메인보드","major","ASUS","PRIME A520M-K","PRIME A520M-K","MB-ASUS-A520M-K","4","AMD AM4, A520, DDR4, M-ATX"
"메인보드","major","MSI","A520M-A PRO","A520M-A PRO","MB-MSI-A520M-A-PRO","4","AMD AM4, A520, DDR4, M-ATX"
"메인보드","major","GIGABYTE","A520M K V2","A520M K V2","MB-GB-A520M-K-V2","4","AMD AM4, A520, DDR4, M-ATX"
"메인보드","major","ASUS","PRIME Z790-P WIFI","PRIME Z790-P WIFI","MB-ASUS-Z790-P-WIFI","1","Intel LGA1700, Z790, DDR5, Wi-Fi, ATX"
"메인보드","major","MSI","PRO Z790-A MAX WIFI","PRO Z790-A MAX WIFI","MB-MSI-Z790-A-MAX-WIFI","1","Intel LGA1700, Z790, DDR5, Wi-Fi, ATX"
"메인보드","major","GIGABYTE","Z790 AORUS ELITE AX","Z790 AORUS ELITE AX","MB-GB-Z790-AORUS-AX","1","Intel LGA1700, Z790, DDR5, Wi-Fi, ATX"
"메인보드","major","ASRock","X670E Steel Legend","X670E Steel Legend","MB-ASR-X670E-STEEL","1","AMD AM5, X670E, DDR5, ATX"
"메인보드","major","ASUS","PRIME B850-PLUS WIFI","PRIME B850-PLUS WIFI","MB-ASUS-B850-PLUS-WIFI","1","AMD AM5, B850, DDR5, Wi-Fi, ATX"
"메인보드","major","MSI","MAG B850 TOMAHAWK WIFI","MAG B850 TOMAHAWK WIFI","MB-MSI-B850-TOMAHAWK-WIFI","1","AMD AM5, B850, DDR5, Wi-Fi, ATX"
"RAM","major","Samsung","DDR5-5600 16GB","M323R2GA3BB0-CWM","RAM-SAM-DDR5-5600-16","8","DDR5, 5600MT/s, 16GB, UDIMM"
"RAM","major","Samsung","DDR5-5600 32GB","M323R4GA3BB0-CWM","RAM-SAM-DDR5-5600-32","6","DDR5, 5600MT/s, 32GB, UDIMM"
"RAM","major","Samsung","DDR4-3200 8GB","M378A1K43EB2-CWE","RAM-SAM-DDR4-3200-8","10","DDR4, 3200MT/s, 8GB, UDIMM"
"RAM","major","Samsung","DDR4-3200 16GB","M378A2K43EB1-CWE","RAM-SAM-DDR4-3200-16","8","DDR4, 3200MT/s, 16GB, UDIMM"
"RAM","major","SK hynix","DDR5-5600 16GB","HMCG78AGBUA084N","RAM-HYN-DDR5-5600-16","5","DDR5, 5600MT/s, 16GB, UDIMM"
"RAM","major","SK hynix","DDR4-3200 8GB","HMA81GU6DJR8N-XN","RAM-HYN-DDR4-3200-8","6","DDR4, 3200MT/s, 8GB, UDIMM"
"RAM","major","Micron Crucial","DDR5-5600 16GB","CT16G56C46U5","RAM-CRU-DDR5-5600-16","5","DDR5, 5600MT/s, 16GB, UDIMM"
"RAM","major","Micron Crucial","DDR4-3200 16GB","CT16G4DFRA32A","RAM-CRU-DDR4-3200-16","5","DDR4, 3200MT/s, 16GB, UDIMM"
"RAM","major","TeamGroup","T-Force Delta RGB DDR5-6000 32GB","FF3D532G6000HC38ADC01","RAM-TG-DELTA-DDR5-6000-32","3","DDR5, 6000MT/s, 16GBx2, RGB"
"RAM","major","G.SKILL","Trident Z5 RGB DDR5-6000 32GB","F5-6000J3038F16GX2-TZ5RK","RAM-GSK-TZ5-DDR5-6000-32","3","DDR5, 6000MT/s, 16GBx2, RGB"
"RAM","major","G.SKILL","Ripjaws S5 DDR5-6000 32GB","F5-6000J3238F16GX2-RS5K","RAM-GSK-RS5-DDR5-6000-32","3","DDR5, 6000MT/s, 16GBx2"
"RAM","major","Corsair","Vengeance DDR5-5600 32GB","CMK32GX5M2B5600C36","RAM-COR-VEN-DDR5-5600-32","3","DDR5, 5600MT/s, 16GBx2"
"RAM","major","Corsair","Vengeance RGB PRO DDR4-3600 16GB","CMW16GX4M2D3600C18","RAM-COR-RGBPRO-DDR4-3600-16","3","DDR4, 3600MT/s, 8GBx2, RGB"
"RAM","major","Kingston","FURY Beast DDR5-6000 32GB","KF560C36BBEK2-32","RAM-KIN-FURY-DDR5-6000-32","3","DDR5, 6000MT/s, 16GBx2"
"RAM","major","Kingston","FURY Beast DDR4-3200 16GB","KF432C16BBK2-16","RAM-KIN-FURY-DDR4-3200-16","4","DDR4, 3200MT/s, 8GBx2"
"RAM","major","ADATA XPG","Lancer RGB DDR5-6000 32GB","AX5U6000C4016G-DCLARBK","RAM-XPG-LANCER-DDR5-6000-32","2","DDR5, 6000MT/s, 16GBx2, RGB"
"RAM","major","GeIL","EVO V DDR5-6000 32GB","GOSG532GB6000C36ADC","RAM-GEIL-EVOV-DDR5-6000-32","2","DDR5, 6000MT/s, 16GBx2"
"RAM","major","Patriot","Viper Steel DDR4-3200 16GB","PVS416G320C6K","RAM-PAT-VIPER-DDR4-3200-16","3","DDR4, 3200MT/s, 8GBx2"
"RAM","major","ESSENCORE KLEVV","DDR5-5600 16GB","KD5AGUA80-56G460A","RAM-KLEVV-DDR5-5600-16","3","DDR5, 5600MT/s, 16GB"
"RAM","major","ESSENCORE KLEVV","DDR4-3200 16GB","KD48GU880-32N220A","RAM-KLEVV-DDR4-3200-16","3","DDR4, 3200MT/s, 16GB"
"그래픽카드","major","ASUS","Dual GeForce RTX 4060 O8G","DUAL-RTX4060-O8G","GPU-ASUS-RTX4060-DUAL-8G","2","NVIDIA RTX 4060, 8GB GDDR6, 듀얼팬"
"그래픽카드","major","MSI","GeForce RTX 4060 VENTUS 2X BLACK OC 8GB","RTX 4060 VENTUS 2X BLACK 8G OC","GPU-MSI-RTX4060-VENTUS-8G","2","NVIDIA RTX 4060, 8GB GDDR6, 듀얼팬"
"그래픽카드","major","GIGABYTE","GeForce RTX 4060 WINDFORCE OC 8GB","GV-N4060WF2OC-8GD","GPU-GB-RTX4060-WF-8G","2","NVIDIA RTX 4060, 8GB GDDR6, WINDFORCE"
"그래픽카드","major","ZOTAC","GAMING GeForce RTX 4060 Twin Edge OC 8GB","ZT-D40600H-10M","GPU-ZOTAC-RTX4060-TE-8G","2","NVIDIA RTX 4060, 8GB GDDR6, Twin Edge"
"그래픽카드","major","ASUS","TUF Gaming GeForce RTX 4070 SUPER O12G","TUF-RTX4070S-O12G-GAMING","GPU-ASUS-RTX4070S-TUF-12G","1","NVIDIA RTX 4070 SUPER, 12GB GDDR6X, 트리플팬"
"그래픽카드","major","MSI","GeForce RTX 4070 SUPER GAMING X SLIM 12GB","RTX 4070 SUPER 12G GAMING X SLIM","GPU-MSI-RTX4070S-GXSLIM-12G","1","NVIDIA RTX 4070 SUPER, 12GB GDDR6X, 트리플팬"
"그래픽카드","major","GIGABYTE","GeForce RTX 4070 SUPER WINDFORCE OC 12GB","GV-N407SWF3OC-12GD","GPU-GB-RTX4070S-WF-12G","1","NVIDIA RTX 4070 SUPER, 12GB GDDR6X, WINDFORCE"
"그래픽카드","major","ZOTAC","GAMING GeForce RTX 4070 SUPER Twin Edge OC 12GB","ZT-D40720H-10M","GPU-ZOTAC-RTX4070S-TE-12G","1","NVIDIA RTX 4070 SUPER, 12GB GDDR6X, Twin Edge"
"그래픽카드","major","ASUS","ProArt GeForce RTX 4080 SUPER OC 16GB","PROART-RTX4080S-O16G","GPU-ASUS-RTX4080S-PROART-16G","1","NVIDIA RTX 4080 SUPER, 16GB GDDR6X, ProArt"
"그래픽카드","major","MSI","GeForce RTX 4080 SUPER VENTUS 3X OC 16GB","RTX 4080 SUPER 16G VENTUS 3X OC","GPU-MSI-RTX4080S-VENTUS-16G","1","NVIDIA RTX 4080 SUPER, 16GB GDDR6X, 트리플팬"
"그래픽카드","major","GIGABYTE","GeForce RTX 4080 SUPER GAMING OC 16GB","GV-N408SGAMING OC-16GD","GPU-GB-RTX4080S-GAMING-16G","1","NVIDIA RTX 4080 SUPER, 16GB GDDR6X, GAMING OC"
"그래픽카드","major","SAPPHIRE","PULSE Radeon RX 7600 8GB","11324-01-20G","GPU-SAP-RX7600-PULSE-8G","2","AMD Radeon RX 7600, 8GB GDDR6, 듀얼팬"
"그래픽카드","major","ASRock","Radeon RX 7600 Challenger 8GB OC","RX7600 CL 8GO","GPU-ASR-RX7600-CHALLENGER-8G","2","AMD Radeon RX 7600, 8GB GDDR6, 듀얼팬"
"그래픽카드","major","XFX","SPEEDSTER SWFT 210 Radeon RX 7600 8GB","RX-76PSWFTFY","GPU-XFX-RX7600-SWFT-8G","2","AMD Radeon RX 7600, 8GB GDDR6, 듀얼팬"
"그래픽카드","major","SAPPHIRE","PULSE Radeon RX 7800 XT 16GB","11330-02-20G","GPU-SAP-RX7800XT-PULSE-16G","1","AMD Radeon RX 7800 XT, 16GB GDDR6, 트리플팬"
"그래픽카드","major","PowerColor","Hellhound Radeon RX 7800 XT 16GB","RX 7800 XT 16G-L/OC","GPU-PWC-RX7800XT-HELLHOUND-16G","1","AMD Radeon RX 7800 XT, 16GB GDDR6, 트리플팬"
"그래픽카드","major","ASRock","Radeon RX 7900 GRE Challenger 16GB","RX7900GRE CL 16GO","GPU-ASR-RX7900GRE-16G","1","AMD Radeon RX 7900 GRE, 16GB GDDR6, 트리플팬"
"그래픽카드","major","SAPPHIRE","NITRO+ Radeon RX 7900 XTX 24GB","11322-01-40G","GPU-SAP-RX7900XTX-NITRO-24G","1","AMD Radeon RX 7900 XTX, 24GB GDDR6, NITRO+"
"그래픽카드","major","GALAX","GeForce RTX 3050 EX 6GB","RTX3050 EX WHITE 6GB","GPU-GALAX-RTX3050-EX-6G","2","NVIDIA RTX 3050, 6GB GDDR6, 보급형"
"그래픽카드","major","INNO3D","GeForce RTX 3060 TWIN X2 12GB","N30602-12D6-119032AH","GPU-INNO3D-RTX3060-TWIN-12G","2","NVIDIA RTX 3060, 12GB GDDR6, 듀얼팬"
"SSD","major","Samsung","990 PRO 1TB","MZ-V9P1T0BW","SSD-SAM-990PRO-1T","5","M.2 NVMe, PCIe 4.0 x4, 1TB, TLC"
"SSD","major","Samsung","990 EVO 1TB","MZ-V9E1T0BW","SSD-SAM-990EVO-1T","5","M.2 NVMe, PCIe 4.0/5.0, 1TB, TLC"
"SSD","major","Samsung","980 PRO 1TB","MZ-V8P1T0BW","SSD-SAM-980PRO-1T","4","M.2 NVMe, PCIe 4.0 x4, 1TB, TLC"
"SSD","major","Samsung","870 EVO 1TB","MZ-77E1T0BW","SSD-SAM-870EVO-1T","4","2.5형 SATA, 1TB, TLC"
"SSD","major","SK hynix","Platinum P41 1TB","SHPP41-1000GM-2","SSD-HYN-P41-1T","4","M.2 NVMe, PCIe 4.0 x4, 1TB, TLC"
"SSD","major","SK hynix","Gold P31 1TB","SHGP31-1000GM-2","SSD-HYN-P31-1T","5","M.2 NVMe, PCIe 3.0 x4, 1TB, TLC"
"SSD","major","Western Digital","WD_BLACK SN850X 1TB","WDS100T2X0E","SSD-WD-SN850X-1T","4","M.2 NVMe, PCIe 4.0 x4, 1TB, TLC"
"SSD","major","Western Digital","WD Blue SN580 1TB","WDS100T3B0E","SSD-WD-SN580-1T","5","M.2 NVMe, PCIe 4.0 x4, 1TB"
"SSD","major","Western Digital","WD Blue SA510 1TB","WDS100T3B0A","SSD-WD-SA510-1T","4","2.5형 SATA, 1TB"
"SSD","major","Micron Crucial","P3 Plus 1TB","CT1000P3PSSD8","SSD-CRU-P3PLUS-1T","5","M.2 NVMe, PCIe 4.0 x4, 1TB, QLC"
"SSD","major","Micron Crucial","P5 Plus 1TB","CT1000P5PSSD8","SSD-CRU-P5PLUS-1T","3","M.2 NVMe, PCIe 4.0 x4, 1TB, TLC"
"SSD","major","Micron Crucial","MX500 1TB","CT1000MX500SSD1","SSD-CRU-MX500-1T","4","2.5형 SATA, 1TB, TLC"
"SSD","major","Seagate","FireCuda 530 1TB","ZP1000GM3A013","SSD-SEA-FC530-1T","2","M.2 NVMe, PCIe 4.0 x4, 1TB, TLC"
"SSD","major","Solidigm","P44 Pro 1TB","SSDPFKKW010X7X1","SSD-SOL-P44PRO-1T","3","M.2 NVMe, PCIe 4.0 x4, 1TB, TLC"
"SSD","major","Kingston","NV2 1TB","SNV2S/1000G","SSD-KIN-NV2-1T","5","M.2 NVMe, PCIe 4.0 x4, 1TB"
"SSD","major","Kingston","KC3000 1TB","SKC3000S/1024G","SSD-KIN-KC3000-1T","3","M.2 NVMe, PCIe 4.0 x4, 1TB, TLC"
"SSD","major","ADATA XPG","S70 Blade 1TB","AGAMMIXS70B-1T-CS","SSD-XPG-S70B-1T","3","M.2 NVMe, PCIe 4.0 x4, 1TB, 방열판 포함"
"SSD","major","TeamGroup","MP44L 1TB","TM8FPK001T0C101","SSD-TG-MP44L-1T","4","M.2 NVMe, PCIe 4.0 x4, 1TB"
"SSD","major","Lexar","NM790 1TB","LNM790X001T-RNNNG","SSD-LEX-NM790-1T","4","M.2 NVMe, PCIe 4.0 x4, 1TB"
"SSD","major","Kioxia","Exceria G2 1TB","LRC20Z001TG8","SSD-KIO-G2-1T","3","M.2 NVMe, PCIe 3.0 x4, 1TB"
"HDD","major","Seagate","BarraCuda 2TB","ST2000DM008","HDD-SEA-BC-2T","3","3.5형 SATA, 2TB, 7200RPM"
"HDD","major","Seagate","BarraCuda 4TB","ST4000DM004","HDD-SEA-BC-4T","2","3.5형 SATA, 4TB, 5400RPM급"
"HDD","major","Seagate","IronWolf 4TB","ST4000VN006","HDD-SEA-IW-4T","2","3.5형 NAS HDD, 4TB, SATA"
"HDD","major","Seagate","IronWolf 8TB","ST8000VN004","HDD-SEA-IW-8T","1","3.5형 NAS HDD, 8TB, SATA"
"HDD","major","Seagate","SkyHawk 4TB","ST4000VX016","HDD-SEA-SH-4T","1","3.5형 CCTV HDD, 4TB, SATA"
"HDD","major","Seagate","Exos X18 18TB","ST18000NM000J","HDD-SEA-EXOS18-18T","1","3.5형 엔터프라이즈 HDD, 18TB, SATA"
"HDD","major","Western Digital","WD Blue 1TB","WD10EZEX","HDD-WD-BLUE-1T","3","3.5형 SATA, 1TB, 7200RPM"
"HDD","major","Western Digital","WD Blue 2TB","WD20EZBX","HDD-WD-BLUE-2T","3","3.5형 SATA, 2TB"
"HDD","major","Western Digital","WD Blue 4TB","WD40EZAX","HDD-WD-BLUE-4T","2","3.5형 SATA, 4TB"
"HDD","major","Western Digital","WD Red Plus 4TB","WD40EFPX","HDD-WD-REDPLUS-4T","2","3.5형 NAS HDD, 4TB, SATA"
"HDD","major","Western Digital","WD Red Plus 8TB","WD80EFPX","HDD-WD-REDPLUS-8T","1","3.5형 NAS HDD, 8TB, SATA"
"HDD","major","Western Digital","WD Purple 4TB","WD43PURZ","HDD-WD-PURPLE-4T","1","3.5형 감시용 HDD, 4TB, SATA"
"HDD","major","Western Digital","WD Gold 10TB","WD102KRYZ","HDD-WD-GOLD-10T","1","3.5형 엔터프라이즈 HDD, 10TB, SATA"
"HDD","major","Toshiba","P300 2TB","HDWD120","HDD-TOS-P300-2T","2","3.5형 SATA, 2TB, 7200RPM"
"HDD","major","Toshiba","P300 4TB","HDWD240","HDD-TOS-P300-4T","2","3.5형 SATA, 4TB"
"HDD","major","Toshiba","N300 4TB","HDWG440","HDD-TOS-N300-4T","1","3.5형 NAS HDD, 4TB, SATA"
"HDD","major","Toshiba","N300 8TB","HDWG480","HDD-TOS-N300-8T","1","3.5형 NAS HDD, 8TB, SATA"
"HDD","major","Toshiba","S300 4TB","HDWT840","HDD-TOS-S300-4T","1","3.5형 감시용 HDD, 4TB, SATA"
"HDD","major","HGST","Ultrastar 7K6000 4TB","HUH728040ALE600","HDD-HGST-7K6000-4T","1","3.5형 엔터프라이즈 HDD, 4TB, SATA"
"HDD","major","Western Digital","WD_BLACK 4TB","WD4005FZBX","HDD-WD-BLACK-4T","1","3.5형 고성능 HDD, 4TB, SATA"
"파워","major","Micronics","Classic II 600W 80PLUS 230V EU","Classic II 600W","PSU-MIC-CLASSIC2-600","4","ATX 파워, 600W, 80PLUS 230V EU"
"파워","major","Micronics","Classic II 700W 80PLUS 230V EU","Classic II 700W","PSU-MIC-CLASSIC2-700","4","ATX 파워, 700W, 80PLUS 230V EU"
"파워","major","Micronics","Classic II 750W 80PLUS GOLD 230V EU","Classic II 750W GOLD","PSU-MIC-CLASSIC2-750G","3","ATX 파워, 750W, 80PLUS Gold"
"파워","major","FSP","HYDRO G PRO 750W 80PLUS Gold","HG2-750","PSU-FSP-HGPRO-750","3","ATX 파워, 750W, 80PLUS Gold, 모듈러"
"파워","major","FSP","HYDRO G PRO 850W 80PLUS Gold","HG2-850","PSU-FSP-HGPRO-850","2","ATX 파워, 850W, 80PLUS Gold, 모듈러"
"파워","major","Seasonic","FOCUS GX-750 ATX 3.0","FOCUS GX-750","PSU-SEA-FOCUS-GX750","2","ATX 3.0 파워, 750W, 80PLUS Gold, 풀모듈러"
"파워","major","Seasonic","FOCUS GX-850 ATX 3.0","FOCUS GX-850","PSU-SEA-FOCUS-GX850","2","ATX 3.0 파워, 850W, 80PLUS Gold, 풀모듈러"
"파워","major","SuperFlower","Leadex III Gold 750W","SF-750F14HG","PSU-SF-LEADEX3-750","2","ATX 파워, 750W, 80PLUS Gold, 풀모듈러"
"파워","major","SuperFlower","Leadex VII Gold 850W ATX 3.0","SF-850F14XG","PSU-SF-LEADEX7-850","2","ATX 3.0 파워, 850W, 80PLUS Gold, 풀모듈러"
"파워","major","Corsair","RM750e 80PLUS Gold","CP-9020262","PSU-COR-RM750E","2","ATX 파워, 750W, 80PLUS Gold, 풀모듈러"
"파워","major","Corsair","RM850e 80PLUS Gold","CP-9020263","PSU-COR-RM850E","2","ATX 파워, 850W, 80PLUS Gold, 풀모듈러"
"파워","major","Antec","NeoECO 850W 80PLUS Gold","NeoECO 850W GOLD","PSU-ANT-NEOECO-850","2","ATX 파워, 850W, 80PLUS Gold"
"파워","major","Cooler Master","MWE GOLD 750 V2","MPE-7501-ACAAG","PSU-CM-MWEGOLD-750V2","2","ATX 파워, 750W, 80PLUS Gold"
"파워","major","Thermaltake","Toughpower GF A3 850W","PS-TPD-0850FNFAGU-L","PSU-TT-GFA3-850","2","ATX 3.0 파워, 850W, 80PLUS Gold, 풀모듈러"
"파워","major","MSI","MAG A750GL PCIE5","MAG A750GL PCIE5","PSU-MSI-A750GL","2","ATX 3.0 파워, 750W, 80PLUS Gold, PCIe 5.0"
"파워","major","MSI","MAG A850GL PCIE5","MAG A850GL PCIE5","PSU-MSI-A850GL","2","ATX 3.0 파워, 850W, 80PLUS Gold, PCIe 5.0"
"파워","major","darkFlash","UPMOST 850W 80PLUS Gold","UPMOST 850G","PSU-DF-UPMOST-850G","1","ATX 파워, 850W, 80PLUS Gold"
"파워","major","EVGA","SuperNOVA 750 G6","220-G6-0750-X1","PSU-EVGA-G6-750","1","ATX 파워, 750W, 80PLUS Gold, 풀모듈러"
"파워","major","be quiet!","Pure Power 12 M 750W","BN504","PSU-BQ-PP12M-750","1","ATX 3.0 파워, 750W, 80PLUS Gold, 풀모듈러"
"파워","major","Enermax","REVOLUTION D.F. 850W","ERF850EWT","PSU-ENR-RDF-850","1","ATX 파워, 850W, 80PLUS Gold"
"케이스","major","darkFlash","DK1000 MESH","DK1000 MESH","CASE-DF-DK1000-MESH","2","미들타워, ATX/M-ATX, 메쉬 전면, 강화유리"
"케이스","major","darkFlash","DLX21 RGB MESH","DLX21 RGB MESH","CASE-DF-DLX21-RGB","2","미들타워, ATX/M-ATX, 메쉬, RGB 팬"
"케이스","major","3RSYS","L600 Quiet","L600 Quiet","CASE-3R-L600-Q","2","미들타워, 저소음, ATX/M-ATX"
"케이스","major","3RSYS","S406 Quiet GI","S406 Quiet GI","CASE-3R-S406-QGI","2","미들타워, 저소음, 강화유리"
"케이스","major","Micronics","Master M60 Mesh","Master M60 Mesh","CASE-MIC-M60-MESH","2","미들타워, 메쉬 전면, 기본 팬 다수"
"케이스","major","ABKO","NCORE G30 트루포스","G30 TRUEFORCE","CASE-ABKO-G30","2","미들타워, ATX/M-ATX, 메쉬, 강화유리"
"케이스","major","DAVEN","D6 MESH 강화유리","D6 MESH","CASE-DAVEN-D6-MESH","2","미들타워, 메쉬 전면, 강화유리"
"케이스","major","Fractal Design","North","North","CASE-FD-NORTH","1","미들타워, ATX, 우드 전면, 강화유리/메쉬"
"케이스","major","Fractal Design","Meshify 2 Compact","Meshify 2 Compact","CASE-FD-MESHIFY2-C","1","미들타워, ATX, 메쉬 전면"
"케이스","major","NZXT","H5 Flow","CC-H51FB-01","CASE-NZXT-H5-FLOW","1","미들타워, ATX, 고풍량 구조"
"케이스","major","NZXT","H7 Flow","CM-H71FB-01","CASE-NZXT-H7-FLOW","1","미들타워, ATX, 고풍량 구조"
"케이스","major","LIAN LI","LANCOOL 216","LANCOOL 216","CASE-LL-LANCOOL216","1","미들타워, ATX, 대형 전면 팬"
"케이스","major","LIAN LI","O11 Dynamic EVO","O11D EVO","CASE-LL-O11D-EVO","1","미들타워, ATX, 파노라마 강화유리"
"케이스","major","Corsair","4000D Airflow","CC-9011200-WW","CASE-COR-4000D-AF","1","미들타워, ATX, Airflow 전면"
"케이스","major","Corsair","5000D Airflow","CC-9011210-WW","CASE-COR-5000D-AF","1","미들타워, ATX, 확장형 Airflow"
"케이스","major","Phanteks","Eclipse G360A","PH-EC360ATG","CASE-PHA-G360A","1","미들타워, ATX, 메쉬, D-RGB 팬"
"케이스","major","Cooler Master","MasterBox NR200P","MCB-NR200P","CASE-CM-NR200P","1","미니ITX, SFF, 강화유리/메쉬 패널"
"케이스","major","HYTE","Y60","CS-HYTE-Y60","CASE-HYTE-Y60","1","미들타워, 파노라마 강화유리, 수직 GPU 지향"
"케이스","major","be quiet!","Pure Base 500DX","BGW37","CASE-BQ-500DX","1","미들타워, 저소음/고풍량, ARGB"
"케이스","major","Antec","P20C Elite","P20C Elite","CASE-ANT-P20C-ELITE","1","미들타워, ATX, 메쉬, 고풍량"
"CPU 쿨러","major","Thermalright","Peerless Assassin 120 SE","PA120 SE","COOLER-TR-PA120SE","2","공랭 타워형, 듀얼타워, 120mm 팬 2개"
"CPU 쿨러","major","Thermalright","Phantom Spirit 120 SE","PS120 SE","COOLER-TR-PS120SE","2","공랭 타워형, 듀얼타워, 120mm 팬 2개"
"CPU 쿨러","major","DEEPCOOL","AK400","R-AK400-BKNNMN-G-1","COOLER-DC-AK400","3","공랭 타워형, 120mm 팬, 보급형"
"CPU 쿨러","major","DEEPCOOL","AK620","R-AK620-BKNNMT-G","COOLER-DC-AK620","2","공랭 타워형, 듀얼타워, 120mm 팬 2개"
"CPU 쿨러","major","DEEPCOOL","AG400","R-AG400-BKNNMN-G-1","COOLER-DC-AG400","3","공랭 타워형, 120mm 팬"
"CPU 쿨러","major","PCCOOLER","PALADIN 400","PALADIN 400","COOLER-PCC-PALADIN400","3","공랭 타워형, 130mm급 팬"
"CPU 쿨러","major","Cooler Master","Hyper 212 Halo","RR-S4KK-20PA-R1","COOLER-CM-H212-HALO","2","공랭 타워형, 120mm ARGB 팬"
"CPU 쿨러","major","Noctua","NH-D15","NH-D15","COOLER-NOC-NHD15","1","공랭 타워형, 듀얼타워, 140mm 팬 2개"
"CPU 쿨러","major","Noctua","NH-U12A","NH-U12A","COOLER-NOC-NHU12A","1","공랭 타워형, 120mm 팬 2개"
"CPU 쿨러","major","be quiet!","Dark Rock Pro 5","BK036","COOLER-BQ-DRP5","1","공랭 타워형, 듀얼타워, 저소음"
"CPU 쿨러","major","ID-COOLING","SE-224-XTS","SE-224-XTS","COOLER-ID-SE224XTS","2","공랭 타워형, 120mm 팬"
"CPU 쿨러","major","JONSBO","CR-1000 EVO","CR-1000 EVO","COOLER-JONSBO-CR1000EVO","2","공랭 타워형, 120mm ARGB 팬"
"CPU 쿨러","major","3RSYS","Socoool RC1800","RC1800","COOLER-3R-RC1800","2","공랭 타워형, 듀얼타워"
"CPU 쿨러","major","3RSYS","Socoool RC410","RC410","COOLER-3R-RC410","3","공랭 타워형, 120mm 팬"
"CPU 쿨러","major","ARCTIC","Liquid Freezer III 240","ACFRE00134A","COOLER-ARC-LF3-240","1","수랭 일체형, 240mm 라디에이터"
"CPU 쿨러","major","ARCTIC","Liquid Freezer III 360","ACFRE00136A","COOLER-ARC-LF3-360","1","수랭 일체형, 360mm 라디에이터"
"CPU 쿨러","major","DEEPCOOL","LS720","R-LS720-BKAMNT-G-1","COOLER-DC-LS720","1","수랭 일체형, 360mm 라디에이터"
"CPU 쿨러","major","NZXT","Kraken 240","RL-KN240-B1","COOLER-NZXT-KRAKEN240","1","수랭 일체형, 240mm 라디에이터, LCD"
"CPU 쿨러","major","Corsair","iCUE H100i ELITE","CW-9060058-WW","COOLER-COR-H100I-ELITE","1","수랭 일체형, 240mm 라디에이터, RGB"
"CPU 쿨러","major","LIAN LI","GALAHAD II Trinity 360","GA2T36B","COOLER-LL-GA2T-360","1","수랭 일체형, 360mm 라디에이터, ARGB"
"쿨링팬","minor","ARCTIC","P12 PWM PST","ACFAN00120A","FAN-ARC-P12-PWM-PST","4","120mm 시스템 팬, PWM, PST 데이지체인"
"쿨링팬","minor","ARCTIC","P14 PWM PST","ACFAN00125A","FAN-ARC-P14-PWM-PST","3","140mm 시스템 팬, PWM, PST 데이지체인"
"쿨링팬","minor","Noctua","NF-A12x25 PWM","NF-A12x25 PWM","FAN-NOC-A12X25-PWM","2","120mm 프리미엄 팬, PWM, 저소음"
"쿨링팬","minor","Noctua","NF-P12 redux-1700 PWM","NF-P12 redux-1700 PWM","FAN-NOC-P12-REDUX","2","120mm 시스템 팬, PWM"
"쿨링팬","minor","be quiet!","Silent Wings 4 120mm PWM","BL092","FAN-BQ-SW4-120","2","120mm 시스템 팬, PWM, 저소음"
"쿨링팬","minor","DEEPCOOL","FC120","R-FC120-BAMN3-G-1","FAN-DC-FC120","3","120mm ARGB 팬, PWM"
"쿨링팬","minor","Thermalright","TL-C12C","TL-C12C","FAN-TR-TLC12C","4","120mm 시스템 팬, PWM"
"쿨링팬","minor","darkFlash","C6M RGB","C6M RGB","FAN-DF-C6M-RGB","3","120mm RGB 시스템 팬"
"쿨링팬","minor","3RSYS","Socoool FAN 120","Socoool 120","FAN-3R-SOCOOL120","3","120mm 시스템 팬"
"쿨링팬","minor","Corsair","AF120 ELITE","CO-9050140-WW","FAN-COR-AF120-ELITE","2","120mm 시스템 팬, PWM"
"쿨링팬","minor","LIAN LI","UNI FAN SL-INF 120","UF-SLIN120-1B","FAN-LL-SLINF120","1","120mm ARGB 팬, 데이지체인"
"쿨링팬","minor","Cooler Master","SickleFlow 120 ARGB","MFX-B2DN-18NPA-R1","FAN-CM-SF120-ARGB","2","120mm ARGB 팬, PWM"
"ODD","minor","LG Electronics","Slim Portable DVD Writer","GP62NW60","ODD-LG-GP62NW60","1","외장형 DVD Writer, USB, 화이트"
"ODD","minor","LG Electronics","Slim Portable DVD Writer","GP62NB60","ODD-LG-GP62NB60","1","외장형 DVD Writer, USB, 블랙"
"ODD","minor","ASUS","External Slim DVD-RW","SDRW-08D2S-U","ODD-ASUS-SDRW08D2S","1","외장형 DVD Writer, USB"
"ODD","minor","ASUS","Internal DVD Writer","DRW-24D5MT","ODD-ASUS-DRW24D5MT","1","내장형 DVD Writer, SATA"
"ODD","minor","Hitachi-LG Data Storage","Internal DVD Writer","GH24NSD5","ODD-HLDS-GH24NSD5","1","내장형 DVD Writer, SATA"
"ODD","minor","Pioneer","Portable Blu-ray/DVD Writer","BDR-XD08","ODD-PIO-BDRXD08","1","외장형 블루레이/DVD Writer, USB"
"케이블류","minor","NEXT","SATA3 6Gbps Cable 0.5m","NEXT-SATA3-05","CAB-NEXT-SATA3-05","5","SATA 데이터 케이블, 6Gbps, 0.5m"
"케이블류","minor","Coms","SATA3 Lock Cable 0.5m","SATA3 Lock 0.5m","CAB-COMS-SATA3-LOCK","5","SATA 데이터 케이블, 락 타입, 0.5m"
"케이블류","minor","CableMate","SATA Power Y Splitter","SATA Power Y","CAB-CM-SATA-PWR-Y","4","SATA 전원 Y 분배 케이블"
"케이블류","minor","CableMate","PCIe 8-pin Extension Cable","PCIe 8-pin Extension","CAB-CM-PCIE8-EXT","3","그래픽카드 보조전원 8핀 연장 케이블"
"케이블류","minor","AsiaHorse","24-pin ARGB PSU Extension Cable","24-pin ARGB Extension","CAB-AH-24PIN-ARGB","2","메인보드 24핀 전원 연장 케이블, ARGB"
"케이블류","minor","EZDIY-FAB","PSU Extension Cable Kit","Sleeved Cable Kit","CAB-EZDIY-PSU-KIT","2","슬리빙 전원 연장 케이블 세트"
"케이블류","minor","NEXI","DisplayPort 1.4 Cable 2m","NX-DP142M","CAB-NEXI-DP14-2M","4","DisplayPort 1.4 케이블, 2m"
"케이블류","minor","Cable Matters","HDMI 2.1 8K Cable 2m","HDMI 2.1 2m","CAB-CM-HDMI21-2M","4","HDMI 2.1 케이블, 8K, 2m"
"케이블류","minor","NEXT","USB 3.0 Extension Cable","NEXT-USB30-EXT","CAB-NEXT-USB30-EXT","4","USB 3.0 연장 케이블"
"케이블류","minor","Coms","USB-C to USB-A Adapter Cable","USB-C to A","CAB-COMS-USBC-A","4","USB-C to USB-A 변환 케이블"
"캡처카드","minor","Elgato","Game Capture HD60 X","HD60 X","CAP-ELGATO-HD60X","1","외장형 캡처카드, 1080p60 HDR, 4K 패스스루"
"캡처카드","minor","Elgato","4K60 Pro MK.2","4K60 Pro MK.2","CAP-ELGATO-4K60PRO-MK2","1","내장형 PCIe 캡처카드, 4K60 HDR"
"캡처카드","minor","AVerMedia","Live Gamer MINI","GC311","CAP-AVM-GC311","1","외장형 캡처카드, 1080p60"
"캡처카드","minor","AVerMedia","Live Gamer EXTREME 3","GC551G2","CAP-AVM-GC551G2","1","외장형 캡처카드, 4K 패스스루, 1080p60 캡처"
"캡처카드","minor","AVerMedia","Live Gamer 4K","GC573","CAP-AVM-GC573","1","내장형 PCIe 캡처카드, 4K60 HDR"
"캡처카드","minor","Razer","Ripsaw HD","RZ20-02850100","CAP-RAZER-RIPSAWHD","1","외장형 캡처카드, 1080p60, 4K 패스스루"
"캡처카드","minor","ASUS","TUF Gaming Capture Box","CU4K30","CAP-ASUS-CU4K30","1","외장형 캡처카드, 4K30 캡처, USB-C"
"캡처카드","minor","EVGA","XR1 Lite","141-U1-CB20-LR","CAP-EVGA-XR1-LITE","1","외장형 캡처카드, 1080p60, 4K 패스스루"
"사운드카드","minor","Creative","Sound Blaster Audigy FX","SB1570","SOUND-CRE-AUDIGY-FX","1","내장형 PCIe 사운드카드, 5.1채널"
"사운드카드","minor","Creative","Sound BlasterX AE-5 Plus","SB1740","SOUND-CRE-AE5PLUS","1","내장형 PCIe 사운드카드, 5.1채널, RGB"
"사운드카드","minor","Creative","Sound Blaster Z SE","SB1500 SE","SOUND-CRE-Z-SE","1","내장형 PCIe 사운드카드, 5.1채널"
"사운드카드","minor","ASUS","Xonar SE","XONAR SE","SOUND-ASUS-XONAR-SE","1","내장형 PCIe 사운드카드, 5.1채널"
"사운드카드","minor","ASUS","Xonar AE","XONAR AE","SOUND-ASUS-XONAR-AE","1","내장형 PCIe 사운드카드, 7.1채널"
"사운드카드","minor","EVGA","NU Audio Pro","712-P1-AN11-KR","SOUND-EVGA-NU-AUDIO-PRO","1","내장형 PCIe 사운드카드, 고음질 DAC"
"무선 랜카드","minor","ASUS","PCE-AX3000","PCE-AX3000","WIFI-ASUS-PCE-AX3000","2","PCIe 무선랜카드, Wi-Fi 6, Bluetooth 5.x"
"무선 랜카드","minor","ASUS","PCE-AXE5400","PCE-AXE5400","WIFI-ASUS-PCE-AXE5400","1","PCIe 무선랜카드, Wi-Fi 6E, Bluetooth"
"무선 랜카드","minor","TP-Link","Archer TX3000E","Archer TX3000E","WIFI-TPL-TX3000E","2","PCIe 무선랜카드, Wi-Fi 6, Bluetooth 5.0"
"무선 랜카드","minor","TP-Link","Archer T4E","Archer T4E","WIFI-TPL-T4E","2","PCIe 무선랜카드, Wi-Fi 5, AC1200"
"무선 랜카드","minor","ipTIME","AX3000PX","AX3000PX","WIFI-IPTIME-AX3000PX","2","PCIe 무선랜카드, Wi-Fi 6, Bluetooth"
"무선 랜카드","minor","ipTIME","A3000PX","A3000PX","WIFI-IPTIME-A3000PX","2","PCIe 무선랜카드, Wi-Fi 5"
"무선 랜카드","minor","Intel","Wi-Fi 6 AX200 PCIe Kit","AX200 PCIe Kit","WIFI-INT-AX200-KIT","2","PCIe 무선랜카드, Wi-Fi 6, Bluetooth"
"무선 랜카드","minor","Intel","Wi-Fi 6E AX210 PCIe Kit","AX210 PCIe Kit","WIFI-INT-AX210-KIT","1","PCIe 무선랜카드, Wi-Fi 6E, Bluetooth"
"팬 허브/컨트롤러","minor","DEEPCOOL","FH-10 Fan Hub","FH-10","HUB-DC-FH10","2","10포트 PWM 팬 허브, SATA 전원"
"팬 허브/컨트롤러","minor","ARCTIC","Case Fan Hub","ACFAN00175A","HUB-ARC-CASEFAN","2","10포트 PWM 팬 허브, SATA 전원"
"팬 허브/컨트롤러","minor","Thermaltake","Commander FP","AC-023-AN1NAN-A1","HUB-TT-COMMANDER-FP","1","10포트 PWM 팬 허브"
"팬 허브/컨트롤러","minor","Phanteks","Universal Fan Controller","PH-PWHUB_02","HUB-PHA-FANCTRL","1","PWM 팬 컨트롤러, SATA 전원"
"팬 허브/컨트롤러","minor","NZXT","RGB & Fan Controller","AC-2RGBC-B1","HUB-NZXT-RGB-FAN","1","RGB/팬 컨트롤러, NZXT CAM 연동"
"팬 허브/컨트롤러","minor","Corsair","iCUE Commander CORE XT","CL-9011112-WW","HUB-COR-CCORE-XT","1","RGB/팬 컨트롤러, iCUE 연동"
"팬 허브/컨트롤러","minor","darkFlash","RC2 ARGB PWM HUB","RC2 ARGB PWM HUB","HUB-DF-RC2-ARGB","2","ARGB/PWM 팬 허브, 리모컨 지원"
"팬 허브/컨트롤러","minor","SilverStone","CPF04 PWM Fan Hub","CPF04","HUB-SST-CPF04","1","8포트 PWM 팬 허브, SATA 전원"
"라이저 케이블","minor","LIAN LI","PCIe 4.0 Riser Cable","PW-PCI-4-60","RISER-LL-PCIE4-60","1","PCIe 4.0 x16 라이저 케이블, 600mm"
"라이저 케이블","minor","Cooler Master","Vertical Graphics Card Holder Kit V3","MCA-U000R-KFVK03","RISER-CM-V3-KIT","1","수직 그래픽카드 장착 키트, PCIe 4.0 라이저 포함"
"라이저 케이블","minor","Thermaltake","TT Premium PCI-E 4.0 Extender","AC-059-CO1OTN-C1","RISER-TT-PCIE4","1","PCIe 4.0 x16 라이저 케이블"
"라이저 케이블","minor","Phanteks","Premium PCIe 4.0 x16 Riser Cable","PH-CBRS4.0","RISER-PHA-PCIE4","1","PCIe 4.0 x16 라이저 케이블"
"라이저 케이블","minor","LINKUP","Ultra PCIe 4.0 X16 Riser Cable","PCIE4EXT11SR-020","RISER-LINKUP-PCIE4","1","PCIe 4.0 x16 라이저 케이블, 20cm"
"라이저 케이블","minor","darkFlash","PCIe 4.0 x16 Riser Cable","PCIe 4.0 Riser","RISER-DF-PCIE4","1","PCIe 4.0 x16 라이저 케이블"
"그래픽카드 지지대","minor","darkFlash","DL240 ARGB GPU Support","DL240 ARGB","SUPPORT-DF-DL240-ARGB","2","그래픽카드 지지대, ARGB, 높이 조절"
"그래픽카드 지지대","minor","3RSYS","ICEAGE G5 GPU Support","ICEAGE G5","SUPPORT-3R-ICEAGE-G5","2","그래픽카드 지지대, 높이 조절"
"그래픽카드 지지대","minor","ABKO","SUITMASTER VGA Support","SUITMASTER VGA Support","SUPPORT-ABKO-SUITMASTER","2","그래픽카드 지지대, 높이 조절"
"그래픽카드 지지대","minor","JONSBO","VC-20 ARGB GPU Holder","VC-20 ARGB","SUPPORT-JONSBO-VC20","1","그래픽카드 지지대, ARGB"
"그래픽카드 지지대","minor","Cooler Master","ELV8 Universal ARGB GPU Holder","MCA-U000R-GSBTG-00","SUPPORT-CM-ELV8","1","그래픽카드 지지대, ARGB, 범용"
"그래픽카드 지지대","minor","LIAN LI","GB-001 Anti-Sag Bracket","GB-001","SUPPORT-LL-GB001","1","그래픽카드 처짐 방지 브래킷"
